Kategorie,Begriff
Fast-Food-Ketten,McDonald's
Fast-Food-Ketten,Burger King
Fast-Food-Ketten,KFC
Fast-Food-Ketten,Subway
Fast-Food-Ketten,Pizza Hut
Fast-Food-Ketten,Domino's Pizza
Fast-Food-Ketten,Taco Bell
Fast-Food-Ketten,Wendy's
Fast-Food-Ketten,Dunkin'
Fast-Food-Ketten,Starbucks
Fast-Food-Ketten,Five Guys
Fast-Food-Ketten,Chipotle
Fast-Food-Ketten,Papa John's
Fast-Food-Ketten,Popeyes
Fast-Food-Ketten,Arby's
Fast-Food-Ketten,Nordsee
Fast-Food-Ketten,Vapiano
Fast-Food-Ketten,Hans im Glück
Fast-Food-Ketten,Gosch
Fast-Food-Ketten,Dean & David
Hauptstädte,Berlin
Hauptstädte,Paris
Hauptstädte,London
Hauptstädte,Rom
Hauptstädte,Madrid
Hauptstädte,Lissabon
Hauptstädte,Amsterdam
Hauptstädte,Brüssel
Hauptstädte,Wien
Hauptstädte,Bern
Hauptstädte,Kopenhagen
Hauptstädte,Stockholm
Hauptstädte,Oslo
Hauptstädte,Helsinki
Hauptstädte,Reykjavik
Hauptstädte,Dublin
Hauptstädte,Warschau
Hauptstädte,Prag
Hauptstädte,Budapest
Hauptstädte,Bratislava
Hauptstädte,Ljubljana
Hauptstädte,Zagreb
Hauptstädte,Belgrad
Hauptstädte,Athen
Hauptstädte,Sofia
Hauptstädte,Bukarest
Hauptstädte,Ankara
Hauptstädte,Moskau
Hauptstädte,Kairo
Hauptstädte,Nairobi
Hauptstädte,Pretoria
Hauptstädte,Peking
Hauptstädte,Tokio
Hauptstädte,Seoul
Hauptstädte,Neu-Delhi
Hauptstädte,Bangkok
Hauptstädte,Hanoi
Hauptstädte,Singapur
Hauptstädte,Jakarta
Hauptstädte,Manila
Hauptstädte,Washington D.C.
Hauptstädte,Ottawa
Hauptstädte,Mexiko-Stadt
Hauptstädte,Havanna
Hauptstädte,Bogotá
Hauptstädte,Lima
Hauptstädte,Brasília
Hauptstädte,Buenos Aires
Hauptstädte,Santiago de Chile
Hauptstädte,Canberra
Hauptstädte,Wellington
Deutsche Reality Stars,Zlatko Trpkovski
Deutsche Reality Stars,Jürgen Milski
Deutsche Reality Stars,Costa Cordalis
Deutsche Reality Stars,Désirée Nick
Deutsche Reality Stars,Peer Kusmagk
Deutsche Reality Stars,Evelyn Burdecki
Deutsche Reality Stars,Prince Damien
Deutsche Reality Stars,Filip Pavlović
Deutsche Reality Stars,Lena Gercke
Deutsche Reality Stars,Barbara Meier
Deutsche Reality Stars,Sara Nuru
Deutsche Reality Stars,Stefanie Giesinger
Deutsche Reality Stars,Paul Janke
Deutsche Reality Stars,Angelina Heger
Deutsche Reality Stars,Jessica Paszka
Deutsche Reality Stars,Gerda Lewis
Deutsche Reality Stars,Andrej Mangold
Deutsche Reality Stars,Melanie Müller
Deutsche Reality Stars,Sarah Knappik
Deutsche Reality Stars,Melissa Damilia
Deutsche Reality Stars,Robert Geiss
Deutsche Reality Stars,Carmen Geiss
Deutsche Reality Stars,Daniela Katzenberger
Deutsche Reality Stars,Lucas Cordalis
Deutsche Reality Stars,Pietro Lombardi
Deutsche Reality Stars,Sarah Lombardi
Deutsche Reality Stars,Beatrice Egli
Deutsche Reality Stars,Michael Wendler
Deutsche Reality Stars,Elena Miras
Deutsche Reality Stars,Mike Heiter
Olympische Sportarten,Schwimmen
Olympische Sportarten,Wasserspringen
Olympische Sportarten,Wasserball
Olympische Sportarten,Rudern
Olympische Sportarten,Kanu
Olympische Sportarten,Segeln
Olympische Sportarten,Surfen
Olympische Sportarten,Leichtathletik
Olympische Sportarten,Fußball
Olympische Sportarten,Basketball
Olympische Sportarten,Volleyball
Olympische Sportarten,Beachvolleyball
Olympische Sportarten,Handball
Olympische Sportarten,Hockey
Olympische Sportarten,Rugby
Olympische Sportarten,Tennis
Olympische Sportarten,Tischtennis
Olympische Sportarten,Badminton
Olympische Sportarten,Boxen
Olympische Sportarten,Judo
Olympische Sportarten,Ringen
Olympische Sportarten,Taekwondo
Olympische Sportarten,Turnen
Olympische Sportarten,Trampolin
Olympische Sportarten,Radsport
Olympische Sportarten,Mountainbike
Olympische Sportarten,BMX
Olympische Sportarten,Gewichtheben
Olympische Sportarten,Triathlon
Olympische Sportarten,Sportschießen
Olympische Sportarten,Bogenschießen
Olympische Sportarten,Reiten
Olympische Sportarten,Fechten
Olympische Sportarten,Golf
Olympische Sportarten,Klettern
Olympische Sportarten,Skateboarding
Olympische Sportarten,Ski Alpin
Olympische Sportarten,Skilanglauf
Olympische Sportarten,Skispringen
Olympische Sportarten,Biathlon
Olympische Sportarten,Eisschnelllauf
Olympische Sportarten,Eiskunstlauf
Olympische Sportarten,Eishockey
Olympische Sportarten,Curling
Olympische Sportarten,Bob
Olympische Sportarten,Skeleton
Olympische Sportarten,Rennrodeln
Gewürze,Salz
Gewürze,Pfeffer
Gewürze,Paprika
Gewürze,Muskatnuss
Gewürze,Nelken
Gewürze,Zimt
Gewürze,Vanille
Gewürze,Kümmel
Gewürze,Anis
Gewürze,Fenchel
Gewürze,Koriander
Gewürze,Senf
Gewürze,Wacholderbeeren
Gewürze,Lorbeer
Gewürze,Thymian
Gewürze,Rosmarin
Gewürze,Oregano
Gewürze,Majoran
Gewürze,Basilikum
Gewürze,Estragon
Gewürze,Salbei
Gewürze,Dill
Gewürze,Petersilie
Gewürze,Schnittlauch
Gewürze,Chili
Gewürze,Cayennepfeffer
Gewürze,Ingwer
Gewürze,Knoblauch
Gewürze,Kurkuma
Gewürze,Kreuzkümmel
Gewürze,Kardamom
Gewürze,Safran
Gewürze,Sternanis
Gewürze,Curryblätter
Gewürze,Tamarinde
Gewürze,Bockshornklee
Gewürze,Galgant
Gewürze,Zitronengras
Gewürze,Sesam
Gewürze,Mohn
Gewürze,Piment
Gewürze,Sumach
Gewürze,Tonkabohne
Gewürze,Selleriesamen
Gewürze,Schwarzkümmel
Gewürze,Lavendel
Tiere mit 5 Buchstaben,Pferd
Tiere mit 5 Buchstaben,Katze
Tiere mit 5 Buchstaben,Ratte
Tiere mit 5 Buchstaben,Fuchs
Tiere mit 5 Buchstaben,Dachs
Tiere mit 5 Buchstaben,Panda
Tiere mit 5 Buchstaben,Koala
Tiere mit 5 Buchstaben,Otter
Tiere mit 5 Buchstaben,Iltis
Tiere mit 5 Buchstaben,Zobel
Tiere mit 5 Buchstaben,Tapir
Tiere mit 5 Buchstaben,Okapi
Tiere mit 5 Buchstaben,Indri
Tiere mit 5 Buchstaben,Mungo
Tiere mit 5 Buchstaben,Fossa
Tiere mit 5 Buchstaben,Quoll
Tiere mit 5 Buchstaben,Lemur
Tiere mit 5 Buchstaben,Loris
Tiere mit 5 Buchstaben,Hyäne
Tiere mit 5 Buchstaben,Biber
Tiere mit 5 Buchstaben,Stier
Tiere mit 5 Buchstaben,Bulle
Tiere mit 5 Buchstaben,Schaf
Tiere mit 5 Buchstaben,Ziege
Tiere mit 5 Buchstaben,Adler
Tiere mit 5 Buchstaben,Reihe
Tiere mit 5 Buchstaben,Taube
Tiere mit 5 Buchstaben,Meise
Tiere mit 5 Buchstaben,Ralle
Tiere mit 5 Buchstaben,Fasan
Tiere mit 5 Buchstaben,Milan
Tiere mit 5 Buchstaben,Ammer
Tiere mit 5 Buchstaben,Pirol
Tiere mit 5 Buchstaben,Spatz
Tiere mit 5 Buchstaben,Dohle
Tiere mit 5 Buchstaben,Falke
Tiere mit 5 Buchstaben,Weihe
Tiere mit 5 Buchstaben,Barsch
Tiere mit 5 Buchstaben,Hecht
Tiere mit 5 Buchstaben,Krake
Tiere mit 5 Buchstaben,Sepia
Tiere mit 5 Buchstaben,Stint
Tiere mit 5 Buchstaben,Gecko
Tiere mit 5 Buchstaben,Skink
Tiere mit 5 Buchstaben,Agame
Tiere mit 5 Buchstaben,Viper
Tiere mit 5 Buchstaben,Kobra
Tiere mit 5 Buchstaben,Mamba
Tiere mit 5 Buchstaben,Molch
Tiere mit 5 Buchstaben,Kröte
Tiere mit 5 Buchstaben,Biene
Tiere mit 5 Buchstaben,Wespe
Tiere mit 5 Buchstaben,Mücke
Tiere mit 5 Buchstaben,Wanze
Tiere mit 5 Buchstaben,Käfer
Tiere mit 5 Buchstaben,Zecke
Tiere mit 5 Buchstaben,Milbe
Tiere mit 5 Buchstaben,Raupe
Tiere mit 5 Buchstaben,Larve
Tiere mit 5 Buchstaben,Puppe
Tiere mit 5 Buchstaben,Assel